ID,Module,"Key Name",Value
4921,"Herobanner default image",href,https://ci6.googleusercontent.com/proxy/98Isdyk2A011NLlEr77uqgjQ9vwE1hG9eTbrjFr5_mc_geGfKH4WSZrs9HMk66uN1qRUbNppJNwOrDE7nGC3RoOUrTxkcWSkRfBs_3eqGtvVGmW9gAreVh8Q9sU5VF1Q6mrk0sSAuExfq4dVMiUG1sgeqPyk=s0-d-e1-ft#https://image.mkt.grab.com/lib/fe3a15707564067f751c78/m/6/773afb70-19aa-4c4e-87c0-4ba16402ab99.gif
4921,"Herobanner default image",title,title
4921,"Herobanner default image",alias,alias
4924,"heading default heading",href,https://i.ibb.co/J3T9G12/Untitled.png
4924,"heading default heading",title,"
Kamu telah menyimpan GrabBenefits. Gunakan sekarang untuk menikmati penghematanmu."
4924,"heading default heading",alias,alias
4927,"paragraph default paragraph",title,"Saatnya memanjakan dirimu. Periksa benefit yang kamu simpan dan tukarkan hari ini. Janganlupa juga untuk memeriksa rewards menarik lainnya yang tersedia untukmu. Kalau ada yang kamu suka, jangan lupa untuk menyimpannya, menukarnya dan menikmatinya."
4930,"cta default cta",href,https://i.ibb.co/J3T9G12/Untitled.png
4930,"cta default cta",title,"Tukar GrabBenefits"
4930,"cta default cta",alias,alias
4897,"1 x 2 Image Block default cta_left",href,https://i.ibb.co/J3T9G12/Untitled.png
4897,"1 x 2 Image Block default cta_left",title,"Keliling Dunia"
4897,"1 x 2 Image Block default cta_left",alias,alias
4898,"1 x 2 Image Block default cta_right",href,https://i.ibb.co/J3T9G12/Untitled.png
4898,"1 x 2 Image Block default cta_right",title,Keuntungan
4898,"1 x 2 Image Block default cta_right",alias,alias
4899,"1 x 2 Image Block default images_right",href,https://image.mkt.grab.com/lib/fe3a15707564067f751c78/m/6/d6f042bd-c044-4cd8-8a6a-88e50f4141be.jpg
4899,"1 x 2 Image Block default images_right",title,title
4899,"1 x 2 Image Block default images_right",alias,alias
4900,"1 x 2 Image Block default images_left",href,https://image.mkt.grab.com/lib/fe3a15707564067f751c78/m/6/ae24f13e-6528-41fa-bda0-40c4f82b2eaa.jpg
4900,"1 x 2 Image Block default images_left",title,title
4900,"1 x 2 Image Block default images_left",alias,alias
4901,"1 x 2 Image Block default image_heading_left",href,
4901,"1 x 2 Image Block default image_heading_left",title,"Keliling Dunia"
4901,"1 x 2 Image Block default image_heading_left",alias,alias
4902,"1 x 2 Image Block default image_heading_right",href,
4902,"1 x 2 Image Block default image_heading_right",title,"Keuntungan Berbelanja"
4902,"1 x 2 Image Block default image_heading_right",alias,alias
4903,"1 x 2 Image Block default image_description_left",title,"Keliling Dunia"
4904,"1 x 2 Image Block default image_description_right",href,
4904,"1 x 2 Image Block default image_description_right",title,"Keuntungan Berbelanja"
4904,"1 x 2 Image Block default image_description_right",alias,alias
