ID,Module - Variation - Input,Value
5067_href,Herobanner - default - image,https://ci6.googleusercontent.com/proxy/98Isdyk2A011NLlEr77uqgjQ9vwE1hG9eTbrjFr5_mc_geGfKH4WSZrs9HMk66uN1qRUbNppJNwOrDE7nGC3RoOUrTxkcWSkRfBs_3eqGtvVGmW9gAreVh8Q9sU5VF1Q6mrk0sSAuExfq4dVMiUG1sgeqPyk=s0-d-e1-ft#https://image.mkt.grab.com/lib/fe3a15707564067f751c78/m/6/773afb70-19aa-4c4e-87c0-4ba16402ab99.gif
5067_title,Herobanner - default - image,title
5067_alias,Herobanner - default - image,alias
5070_title,heading - default - heading,test
5073_title,paragraph - default - paragraph,"Saatnya memanjakan dirimu. Periksa benefit yang kamu simpan dan tukarkan hari ini. Janganlupa juga untuk memeriksa rewards menarik lainnya yang tersedia untukmu. Kalau ada yang kamu suka, jangan lupa untuk menyimpannya, menukarnya dan menikmatinya."
5076_href,cta - default - cta,https://i.ibb.co/J3T9G12/Untitled.png
5076_title,cta - default - cta,Tukar GrabBenefits Sekarang
5076_alias,cta - default - cta,alias
5122_href,1 x 2 Image Block - default - cta_left,https://i.ibb.co/J3T9G12/Untitled.png
5122_title,1 x 2 Image Block - default - cta_left,Keliling Dunia
5122_alias,1 x 2 Image Block - default - cta_left,alias
5123_href,1 x 2 Image Block - default - cta_right,https://i.ibb.co/J3T9G12/Untitled.png
5123_title,1 x 2 Image Block - default - cta_right,Keuntungan Berbelanja
5123_alias,1 x 2 Image Block - default - cta_right,alias
5124_href,1 x 2 Image Block - default - images_right,https://image.mkt.grab.com/lib/fe3a15707564067f751c78/m/6/d6f042bd-c044-4cd8-8a6a-88e50f4141be.jpg
5124_title,1 x 2 Image Block - default - images_right,title
5124_alias,1 x 2 Image Block - default - images_right,alias
5125_href,1 x 2 Image Block - default - images_left,https://image.mkt.grab.com/lib/fe3a15707564067f751c78/m/6/ae24f13e-6528-41fa-bda0-40c4f82b2eaa.jpg
5125_title,1 x 2 Image Block - default - images_left,title
5125_alias,1 x 2 Image Block - default - images_left,alias
5126_title,1 x 2 Image Block - default - image_heading_left,Keliling
5127_title,1 x 2 Image Block - default - image_heading_right,Keuntungan
5128_title,1 x 2 Image Block - default - image_description_left,Keliling
5129_title,1 x 2 Image Block - default - image_description_right,Keuntungan
